Frame Offset; Frame Index; Frame Time (ms); Time from first frame (ms)
0;1;9.270675;0
1;2;16.02449;9.27067470550537
2;3;16.06172;25.2951631546021
3;4;17.13958;41.3568830490112
4;5;16.10173;58.4964628219604
5;6;16.77855;74.5981969833374
6;7;16.30013;91.3767461776733
7;8;17.07032;107.676875114441
8;9;16.58913;124.747195243835
9;10;16.9179;141.336327552795
10;11;16.55086;158.254229545593
11;12;16.66999;174.805090904236
12;13;17.4553;191.475085258484
13;14;15.90627;208.930380821228
14;15;16.69131;224.836647987366
15;16;16.90541;241.527953147888
16;17;16.19445;258.433362007141
17;18;16.8189;274.627812385559
18;19;16.70797;291.446707725525
19;20;16.80298;308.154675483704
20;21;16.89583;324.95765209198
21;22;16.96862;341.853484153748
22;23;15.99211;358.822102546692
23;24;18.05043;374.814211845398
24;25;15.94747;392.864640235901
25;26;16.65232;408.812113761902
26;27;16.22986;425.464436531067
27;28;16.9801;441.694293022156
28;29;16.24168;458.67439365387
29;30;16.74849;474.916071891785
30;31;17.1868;491.664565086365
31;32;16.98884;508.851365089417
32;33;15.94734;525.840201377869
33;34;16.66438;541.787545204163
34;35;16.70128;558.451920509338
35;36;16.34221;575.153204917908
36;37;16.75758;591.495413780212
37;38;17.02453;608.252995491028
38;39;16.7183;625.277529716492
39;40;16.44582;641.995825767517
40;41;16.58323;658.441649436951
41;42;17.17133;675.024882316589
42;43;16.8155;692.19621181488
43;44;16.84182;709.01171207428
44;45;16.17255;725.853531837463
45;46;16.6403;742.026080131531
46;47;16.8761;758.666380882263
47;48;16.33623;775.542485237122
48;49;16.61804;791.878712654114
49;50;16.78084;808.496750831604
50;51;17.21541;825.277594566345
51;52;16.29138;842.493006706238
52;53;17.11257;858.784388542175
53;54;16.03733;875.896958351135
54;55;17.31521;891.934292793274
55;56;16.30877;909.24950504303
56;57;16.40577;925.558270454407
57;58;16.75316;941.964037895203
58;59;15.79162;958.717200279236
59;60;17.66665;974.508821487427
60;61;17.47126;992.17547416687
61;62;16.13032;1009.64673042297
62;63;18.52758;1025.77705001831
63;64;14.78357;1044.30462646484
64;65;17.08015;1059.08819770813
65;66;16.79702;1076.16834640503
66;67;16.81173;1092.96537017822
67;68;16.13838;1109.77710151672
68;69;16.69149;1125.91548538208
69;70;19.93749;1142.60697174072
70;71;15.22761;1162.54446411133
71;72;17.82913;1177.77207279205
72;73;15.87047;1195.60120105743
73;74;15.74817;1211.47167110443
74;75;18.16833;1227.21984004974
75;76;16.97932;1245.38816738129
76;77;23.39784;1262.36748790741
77;78;26.03517;1285.76532840729
78;79;17.37076;1311.80049610138
79;80;15.88178;1329.17125225067
80;81;14.32131;1345.05303287506
81;82;17.04712;1359.37434387207
82;83;18.34779;1376.421459198
83;84;15.6595;1394.76924514771
84;85;17.75565;1410.42874717712
85;86;17.16431;1428.18439865112
86;87;15.80383;1445.3487071991
87;88;16.19603;1461.15254020691
88;89;19.02781;1477.34857368469
89;90;15.98066;1496.37638092041
90;91;14.49868;1512.35703754425
91;92;18.52783;1526.85572242737
92;93;14.57751;1545.38354873657
93;94;16.49972;1559.96106147766
94;95;18.34623;1576.46077728271
95;96;15.83358;1594.80700874329
96;97;16.20344;1610.64058876038
97;98;17.82906;1626.8440246582
98;99;18.54225;1644.67308425903
99;100;14.67106;1663.21533584595
100;101;18.06813;1677.88639545441
101;102;16.50269;1695.95452404022
102;103;14.93668;1712.45721530914
103;104;18.39543;1727.39389514923
104;105;15.8525;1745.78932094574
105;106;18.52308;1761.64182567596
106;107;16.33664;1780.16490077972
107;108;16.87041;1796.50153827667
108;109;15.74642;1813.37195110321
109;110;17.47126;1829.11836624146
110;111;15.85548;1846.58962249756
111;112;16.69523;1862.44510364532
112;113;16.75761;1879.14033603668
113;114;15.81236;1895.89794635773
114;115;17.93167;1911.7103061676
115;116;16.58625;1929.64197731018
116;117;16.61704;1946.22822570801
117;118;16.81526;1962.84526252747
118;119;16.3171;1979.66052246094
119;120;16.81243;1995.97762298584
120;121;15.82914;2012.79005622864
121;122;17.42919;2028.61919784546
122;123;16.56499;2046.04838371277
123;124;16.91517;2062.61337089539
124;125;14.99178;2079.52853965759
125;126;18.54104;2094.52032375336
126;127;16.42294;2113.06136417389
127;128;16.63175;2129.48430347443
128;129;17.42427;2146.11605739594
129;130;16.45105;2163.54032611847
130;131;17.08117;2179.99137973785
131;132;15.85746;2197.07254886627
132;133;16.80772;2212.93000411987
133;134;17.87827;2229.7377204895
134;135;14.7536;2247.61599159241
135;136;18.07232;2262.36959648132
136;137;16.91973;2280.44191169739
137;138;16.13011;2297.36163711548
138;139;16.46117;2313.49174499512
139;140;16.97441;2329.952917099
140;141;15.97791;2346.92732429504
141;142;17.2011;2362.90523529053
142;143;17.60529;2380.10633087158
143;144;16.32693;2397.71161842346
144;145;13.26953;2414.03854751587
145;146;19.67705;2427.30807685852
146;147;17.15313;2446.98512649536
147;148;15.85438;2464.1382522583
148;149;16.89571;2479.99263095856
149;150;16.75612;2496.88834285736
150;151;16.82803;2513.64446163177
151;152;15.43108;2530.47249507904
152;153;16.51924;2545.90357589722
153;154;17.77463;2562.42281723022
154;155;14.78262;2580.19744491577
155;156;18.33577;2594.98006534576
156;157;16.84338;2613.31583881378
157;158;16.91898;2630.1592206955
158;159;16.44315;2647.07820415497
159;160;16.99281;2663.52135181427
160;161;16.24139;2680.51416301727
161;162;15.56335;2696.7555513382
162;163;19.47412;2712.31890201569
163;164;14.09954;2731.79302120209
164;165;16.12284;2745.89256381989
165;166;19.12005;2762.01540851593
166;167;13.88813;2781.13546085358
167;168;19.47246;2795.02358627319
168;169;16.55641;2814.49604225159
169;170;14.88135;2831.05245399475
170;171;17.46857;2845.93379974365
171;172;16.75222;2863.40237045288
172;173;17.01796;2880.15459060669
173;174;16.77383;2897.17255210876
174;175;17.28852;2913.94638252258
175;176;16.65701;2931.23490333557
176;177;15.34355;2947.89191436768
177;178;17.40313;2963.23546123505
178;179;16.61669;2980.63858890533
179;180;16.91084;2997.25527477264
180;181;14.60468;3014.16611385345
181;182;18.05701;3028.77078914642
182;183;15.31953;3046.82779788971
183;184;15.96902;3062.14732837677
184;185;18.97698;3078.11635303497
185;186;17.38116;3097.09333515167
186;187;16.58221;3114.47449016571
187;188;16.62522;3131.05670070648
188;189;15.49946;3147.68192195892
189;190;18.53067;3163.18138217926
190;191;16.29091;3181.71205425262
191;192;16.15642;3198.0029668808
192;193;16.16809;3214.15938472748
193;194;17.84699;3230.32747554779
194;195;15.19876;3248.17446804047
195;196;18.06236;3263.37323188782
196;197;15.8365;3281.43559265137
197;198;17.59724;3297.27209758759
198;199;16.30935;3314.86933994293
199;200;16.49856;3331.17868709564
200;201;16.64106;3347.67725086212
201;202;16.7178;3364.31831264496
202;203;17.6815;3381.03610897064
203;204;16.32895;3398.71761035919
204;205;15.44169;3415.0465631485
205;206;17.22888;3430.48825454712
206;207;14.90432;3447.71713447571
207;208;18.51571;3462.62145423889
208;209;16.99099;3481.13716697693
209;210;16.3359;3498.12815666199
210;211;17.08523;3514.46405220032
211;212;16.8072;3531.54928016663
212;213;17.2327;3548.35648345947
213;214;14.78916;3565.58917999268
214;215;17.66256;3580.3783416748
215;216;17.09214;3598.04089736938
216;217;16.36426;3615.13303756714
217;218;16.77779;3631.49729728699
218;219;16.79479;3648.27508544922
219;220;16.2085;3665.06987762451
220;221;17.02671;3681.27837371826
221;222;16.50026;3698.30508232117
222;223;16.84235;3714.80533790588
223;224;15.35578;3731.64768981934
224;225;18.32536;3747.00346946716
225;226;17.3136;3765.32883262634
226;227;14.24201;3782.64243125916
227;228;17.85536;3796.88444232941
228;229;16.87459;3814.73980236053
229;230;16.57073;3831.61439418793
230;231;15.97573;3848.18512248993
231;232;17.63632;3864.16084957123
232;233;15.40407;3881.79716587067
233;234;18.54318;3897.20123672485
234;235;16.83086;3915.74442100525
235;236;16.04439;3932.57528114319
236;237;17.00922;3948.61966896057
237;238;14.13245;3965.62889289856
238;239;19.06226;3979.76133823395
239;240;16.06442;3998.82360172272
240;241;16.76596;4014.88802623749
241;242;17.1549;4031.65398311615
242;243;15.0798;4048.80888271332
243;244;18.51243;4063.88868141174
244;245;17.02292;4082.40110778809
245;246;15.10458;4099.42402839661
246;247;14.98493;4114.52860546112
247;248;19.18759;4129.51353645325
248;249;14.88577;4148.70112419128
249;250;18.5071;4163.58688926697
250;251;17.09207;4182.09398460388
251;252;15.15615;4199.18605613708
252;253;18.06459;4214.34220981598
253;254;16.72268;4232.40680217743
254;255;16.52093;4249.12947750092
255;256;16.74522;4265.65040302277
256;257;16.48147;4282.39562129974
257;258;16.69516;4298.87709140778
258;259;16.44342;4315.57225513458
259;260;14.98193;4332.01567363739
260;261;18.3743;4346.99759864807
261;262;17.28621;4365.37189483643
262;263;16.484;4382.65810203552
263;264;17.17344;4399.14209747314
264;265;16.08962;4416.31554222107
265;266;18.00395;4432.40516471863
266;267;16.17343;4450.4091129303
267;268;13.02974;4466.58254241943
268;269;16.5824;4479.61228084564
269;270;16.85418;4496.19468212128
270;271;16.95545;4513.0488653183
271;272;16.95818;4530.00431728363
272;273;16.57735;4546.96249485016
273;274;18.81185;4563.53984546661
274;275;15.32297;4582.35169696808
275;276;16.98583;4597.67466449738
276;277;17.70267;4614.66049671173
277;278;16.5751;4632.36316776276
278;279;16.63194;4648.93826389313
279;280;16.29723;4665.5702085495
280;281;17.46838;4681.86744213104
281;282;16.75438;4699.33582210541
282;283;16.38603;4716.09020519257
283;284;16.52417;4732.47623538971
284;285;17.48888;4749.00040721893
285;286;16.81876;4766.4892873764
286;287;13.61767;4783.30804347992
287;288;17.06248;4796.9257183075
288;289;16.7161;4813.98820304871
289;290;16.42385;4830.7043056488
290;291;18.98772;4847.12815666199
291;292;16.62211;4866.11587905884
292;293;16.49886;4882.73798561096
293;294;15.35959;4899.23684883118
294;295;18.85626;4914.5964345932
295;296;15.11475;4933.45269870758
296;297;15.30215;4948.56744384766
297;298;16.65612;4963.86959266663
298;299;18.95394;4980.52571296692
299;300;16.86772;4999.47965240479
300;301;16.77156;5016.34737014771
301;302;13.82274;5033.11892700195
302;303;19.16257;5046.94166851044
303;304;17.08132;5066.10424137115
304;305;15.49574;5083.18556118011
305;306;17.2826;5098.68130397797
306;307;15.39065;5115.9639043808
307;308;17.86952;5131.35454940796
308;309;15.45393;5149.22406578064
309;310;18.82442;5164.67799949646
310;311;16.19949;5183.50242424011
311;312;16.73149;5199.70191383362
312;313;16.70882;5216.43340492249
313;314;16.88351;5233.14222335815
314;315;16.27544;5250.02573204041
315;316;14.93335;5266.30117416382
316;317;16.50889;5281.23452854156
317;318;18.5114;5297.74342060089
318;319;17.09214;5316.25482463837
319;320;16.37257;5333.34696483612
320;321;16.74818;5349.71953105927
321;322;15.10147;5366.46771335602
322;323;16.38497;5381.56918430328
323;324;16.81958;5397.95415401459
324;325;17.99732;5414.77373218536
325;326;16.76622;5432.77104854584
326;327;15.46439;5449.53726482391
327;328;18.07847;5465.00165843964
328;329;16.18142;5483.08012676239
329;330;14.81752;5499.26154232025
330;331;17.70538;5514.07906723022
331;332;16.19146;5531.78444290161
332;333;16.25973;5547.97590637207
333;334;17.75607;5564.23563957214
334;335;15.11903;5581.99171066284
335;336;19.27157;5597.11074447632
336;337;17.28124;5616.38231277466
337;338;16.44251;5633.66354942322
338;339;16.31813;5650.10605621338
339;340;16.72679;5666.42418861389
340;341;16.78634;5683.15097999573
341;342;16.88516;5699.93732452393
342;343;16.23849;5716.82248497009
343;344;16.74653;5733.06097602844
344;345;17.13616;5749.80750465393
345;346;16.426;5766.94366836548
346;347;16.67846;5783.36966514587
347;348;17.13339;5800.0481262207
348;349;16.34212;5817.18151473999
349;350;16.59908;5833.52363204956
350;351;16.83666;5850.12271308899
351;352;16.67926;5866.95937347412
352;353;16.2121;5883.63863563538
353;354;17.27228;5899.85073852539
354;355;16.70051;5917.12301826477
355;356;16.74174;5933.82353210449
356;357;15.26992;5950.56527328491
357;358;17.89003;5965.83519077301
358;359;16.69644;5983.72522449493
359;360;16.97834;6000.42166042328
360;361;16.32424;6017.39999675751
361;362;16.32323;6033.72424030304
362;363;16.92434;6050.0474729538
363;364;16.6296;6066.97181606293
364;365;16.51752;6083.60141468048
365;366;16.76786;6100.11893367767
366;367;17.02837;6116.88679409027
367;368;16.44281;6133.91516590118
368;369;16.95308;6150.35797405243
369;370;16.41408;6167.31105327606
370;371;16.89288;6183.7251367569
371;372;16.6154;6200.61802005768
372;373;16.80021;6217.23342227936
373;374;16.26621;6234.03363513947
374;375;17.08808;6250.29984951019
375;376;17.75435;6267.3879327774
376;377;16.1114;6285.14228153229
377;378;16.07902;6301.25368404388
378;379;18.01824;6317.33270549774
379;380;14.08239;6335.35094165802
380;381;16.27935;6349.43333148956
381;382;17.29399;6365.71268177032
382;383;15.94737;6383.00667285919
383;384;17.09897;6398.95404720306
384;385;16.12785;6416.05301952362
385;386;17.82652;6432.18087291718
386;387;15.6707;6450.00738811493
387;388;15.74619;6465.67809104919
388;389;18.37356;6481.42427635193
389;390;17.47899;6499.79784011841
390;391;16.3156;6517.27683067322
391;392;14.80704;6533.5924282074
392;393;16.29802;6548.39946460724
393;394;17.1707;6564.69748020172
394;395;17.90744;6581.86818027496
395;396;17.39546;6599.77561664581
396;397;16.28698;6617.17107868195
397;398;16.17837;6633.45806217194
398;399;14.64011;6649.63643169403
399;400;18.98439;6664.27654266357
400;401;15.57875;6683.26092910767
401;402;17.50549;6698.83967876434
402;403;16.10657;6716.34516620636
403;404;17.60332;6732.45173931122
404;405;16.57413;6750.05506420135
405;406;15.12324;6766.62918949127
406;407;17.27264;6781.75243186951
407;408;16.36297;6799.02507209778
408;409;18.11645;6815.38803863525
409;410;16.21369;6833.50448989868
410;411;17.13291;6849.71817588806
411;412;16.24529;6866.85108375549
412;413;17.18276;6883.09636878967
413;414;16.90872;6900.27912902832
414;415;16.52954;6917.1878452301
415;416;16.49459;6933.71738624573
416;417;16.84632;6950.21197128296
417;418;16.49116;6967.05828857422
418;419;14.17582;6983.54944801331
419;420;17.75586;6997.72526454926
420;421;18.611;7015.48112392426
421;422;14.16008;7034.09212589264
422;423;16.9721;7048.25220298767
423;424;18.85259;7065.22429847717
424;425;14.88933;7084.07688713074
425;426;16.74979;7098.96621799469
426;427;16.32731;7115.71600437164
427;428;20.03931;7132.04331493378
428;429;23.28272;7152.08262729645
429;430;7.008574;7175.36535167694
430;431;16.74388;7182.37392568588
431;432;17.69877;7199.11780118942
432;433;17.68639;7216.81657552719
433;434;14.72661;7234.50296735764
434;435;17.82408;7249.22958135605
435;436;17.40659;7267.0536608696
436;437;16.30657;7284.460252285
437;438;14.66656;7300.7668223381
438;439;16.75483;7315.43338441849
439;440;18.04136;7332.18821001053
440;441;17.17054;7350.22957086563
441;442;15.41753;7367.40010881424
442;443;15.47123;7382.81763505936
443;444;17.37503;7398.28886175156
444;445;16.60303;7415.66389608383
445;446;15.88228;7432.26692533493
446;447;18.50641;7448.14920663834
447;448;15.74907;7466.65561342239
448;449;18.85858;7482.40468358994
449;450;15.38663;7501.26326131821
450;451;16.08146;7516.64988946915
451;452;15.46321;7532.73134469986
452;453;18.73488;7548.1945567131
453;454;16.59444;7566.92943334579
454;455;15.67122;7583.52387571335
455;456;18.00092;7599.19509935379
456;457;15.81517;7617.19602251053
457;458;17.46283;7633.01118803024
458;459;17.10742;7650.47401571274
459;460;15.04473;7667.58143568039
460;461;16.52226;7682.62616872787
461;462;16.98597;7699.14842748642
462;463;18.40727;7716.13439893723
463;464;16.58616;7734.5416674614
464;465;17.06425;7751.12782621384
465;466;14.19347;7768.19207334518
466;467;18.45582;7782.38554334641
467;468;15.80928;7800.84136343002
468;469;17.87162;7816.65064764023
469;470;15.37387;7834.52226781845
470;471;90.46193;7849.89614152908
471;472;9.41656;7940.35807085037
472;473;22.17246;7949.77463102341
473;474;17.59177;7971.94709348679
474;475;8.218524;7989.53886556625
475;476;6.094181;7997.75738954544
476;477;6.630562;8003.85157060623
477;478;4.14513;8010.48213243484
478;479;17.10553;8014.62726259232
479;480;16.77074;8031.73278856277
480;481;16.78642;8048.50352525711
481;482;16.08991;8065.28994035721
482;483;16.75734;8081.37985277176
483;484;17.46137;8098.1371922493
484;485;16.14139;8115.59856081009
485;486;17.41278;8131.73995065689
486;487;18.92856;8149.15273523331
487;488;14.8813;8168.08129549026
488;489;17.82184;8182.96259069443
489;490;16.75392;8200.78442716599
490;491;15.8438;8217.53835058212
491;492;17.00262;8233.38214921951
492;493;17.12431;8250.38477182388
493;494;16.47367;8267.50908327103
494;495;14.83657;8283.9827580452
495;496;18.80483;8298.81932973862
496;497;13.9847;8317.62415838242
497;498;17.08487;8331.60885572433
498;499;18.13301;8348.69372320175
499;500;15.26366;8366.82673597336
500;501;16.88679;8382.09039163589
501;502;18.80919;8398.97718477249
502;503;13.7611;8417.78636980057
503;504;18.96396;8431.54747438431
504;505;15.12081;8450.51143312454
505;506;17.10709;8465.63223981857
506;507;16.28312;8482.73932790756
507;508;16.03824;8499.02244520187
508;509;17.37197;8515.06068181992
509;510;16.73498;8532.43264913559
510;511;16.8076;8549.16762685776
511;512;17.18766;8565.97522306442
512;513;16.34499;8583.16288328171
513;514;16.96964;8599.50787687302
514;515;16.57748;8616.47751760483
515;516;15.37311;8633.05499982834
516;517;18.36258;8648.42811155319
517;518;15.78347;8666.79069471359
518;519;16.23901;8682.57416963577
519;520;17.09945;8698.81318330765
520;521;16.72271;8715.91263818741
521;522;16.57867;8732.63534402847
522;523;16.51502;8749.21401643753
523;524;19.73584;8765.72903871536
524;525;16.30847;8785.46488046646
525;526;14.20945;8801.7733540535
526;527;18.60604;8815.98280382156
527;528;16.5849;8834.58884859085
528;529;16.56703;8851.1737446785
529;530;16.4689;8867.74077653885
530;531;17.27399;8884.20967340469
531;532;15.54414;8901.48366594315
532;533;17.68492;8917.0278096199
533;534;14.54609;8934.71272706985
534;535;17.70571;8949.25882196426
535;536;16.24394;8966.96452951431
536;537;18.0454;8983.20847177505
537;538;14.94849;9001.25386857986
538;539;16.80495;9016.20236063004
539;540;17.96123;9033.00731134415
540;541;15.70239;9050.96853876114
541;542;17.44804;9066.67093038559
542;543;15.92057;9084.11897039413
543;544;15.78753;9100.03954458237
544;545;19.21932;9115.82707738876
545;546;14.60559;9135.046397686
546;547;19.36646;9149.65198373795
547;548;15.03048;9169.01843881607
548;549;15.82175;9184.0489153862
549;550;19.74146;9199.87066316605
550;551;14.37974;9219.61212587357
551;552;17.20008;9233.99186658859
552;553;16.80223;9251.19195127487
553;554;15.58836;9267.99418592453
554;555;17.6272;9283.58254384995
555;556;16.70412;9301.20974302292
556;557;14.98604;9317.91386365891
557;558;17.79664;9332.89990758896
558;559;17.28261;9350.69654607773
559;560;17.04263;9367.97915410995
560;561;14.69995;9385.02178144455
561;562;19.09995;9399.72173547745
562;563;14.7227;9418.82169008255
563;564;16.89859;9433.54438734055
564;565;17.56664;9450.44297361374
565;566;15.39265;9468.00960874557
566;567;16.78832;9483.40225744247
567;568;17.61679;9500.19057798386
568;569;16.47379;9517.80736875534
569;570;16.3362;9534.28115415573
570;571;19.20156;9550.61735105515
571;572;12.95657;9569.81890630722
572;573;18.01645;9582.77547502518
573;574;16.037;9600.79192781448
574;575;16.27469;9616.82893037796
575;576;17.21368;9633.10362100601
576;577;16.01158;9650.31730127335
577;578;17.8162;9666.3288769722
578;579;18.04653;9684.14507341385
579;580;14.75898;9702.1916012764
580;581;17.75312;9716.95057725906
581;582;14.91006;9734.70369386673
582;583;18.84625;9749.61375379562
583;584;17.46118;9768.46000051498
584;585;15.06508;9785.92117643356
585;586;18.08381;9800.98625802994
586;587;14.47641;9819.07006692886
587;588;18.19706;9833.546479702
588;589;16.94455;9851.74354124069
